[
  {
    "vehicle": {
      "length": 5.0,
      "width": 2.0,
      "maxPosAcc": 5.0,
      "maxNegAcc": 7.5,
      "usualPosAcc": 2.5,
      "usualNegAcc": 3,
      "minGap": 2.5,
      "maxSpeed": 16.67,
      "headwayTime": 1.5
    },
    "route": [
      "road_0_1_0",
      "road_1_1_0"
    ],
    "interval": 9.0
  },
  {
    "vehicle": {
      "length": 5.0,
      "width": 2.0,
      "maxPosAcc": 5.0,
      "maxNegAcc": 7.5,
      "usualPosAcc": 2.5,
      "usualNegAcc": 3,
      "minGap": 2.5,
      "maxSpeed": 16.67,
      "headwayTime": 1.5
    },
    "route": [
      "road_2_1_2",
      "road_1_1_2"
    ],
    "interval": 9.0
  },
  {
    "vehicle": {
      "length": 5.0,
      "width": 2.0,
      "maxPosAcc": 5.0,
      "maxNegAcc": 7.5,
      "usualPosAcc": 2.5,
      "usualNegAcc": 3,
      "minGap": 2.5,
      "maxSpeed": 16.67,
      "headwayTime": 1.5
    },
    "route": [
      "road_1_0_1",
      "road_1_1_1"
    ],
    "interval": 9.0
  },
  {
    "vehicle": {
      "length": 5.0,
      "width": 2.0,
      "maxPosAcc": 5.0,
      "maxNegAcc": 7.5,
      "usualPosAcc": 2.5,
      "usualNegAcc": 3,
      "minGap": 2.5,
      "maxSpeed": 16.67,
      "headwayTime": 1.5
    },
    "route": [
      "road_1_2_3",
      "road_1_1_3"
    ],
    "interval": 9.0
  }
]