{
    "Volume": [
        [
            0.07,
            82
        ],
        [
            0.22,
            238
        ],
        [
            0.4,
            394
        ],
        [
            0.56,
            550
        ],
        [
            0.66,
            706
        ],
        [
            0.74,
            862
        ],
        [
            0.8,
            1018
        ],
        [
            0.86,
            1174
        ],
        [
            0.9,
            1330
        ],
        [
            0.93,
            1486
        ],
        [
            1,
            1564
        ]
    ],
    "VB": [
        [
            0.2,
            0.118
        ],
        [
            0.37,
            0.182
        ],
        [
            0.59,
            0.246
        ],
        [
            0.76,
            0.31
        ],
        [
            0.85,
            0.375
        ],
        [
            0.87,
            0.439
        ],
        [
            0.94,
            0.503
        ],
        [
            0.98,
            0.567
        ],
        [
            1,
            0.6
        ]
    ],
    "VS": [
        [
            0.1,
            0.088
        ],
        [
            0.36,
            0.226
        ],
        [
            0.6,
            0.364
        ],
        [
            0.74,
            0.502
        ],
        [
            0.83,
            0.641
        ],
        [
            0.88,
            0.779
        ],
        [
            0.92,
            0.917
        ],
        [
            1,
            1
        ]
    ],
    "RV": [
        [
            0.03,
            0.083
        ],
        [
            0.13,
            0.249
        ],
        [
            0.25,
            0.415
        ],
        [
            0.34,
            0.581
        ],
        [
            0.43,
            0.747
        ],
        [
            0.52,
            0.913
        ]
    ],
    "RO": [
        [
            0.04,
            0.247
        ],
        [
            0.08,
            0.412
        ],
        [
            0.16,
            0.577
        ],
        [
            0.31,
            0.742
        ],
        [
            0.5,
            0.9
        ]
    ],
    "PEAK": [
        [
            0.07,
            0.1
        ],
        [
            0.31,
            0.18
        ],
        [
            0.6,
            0.26
        ],
        [
            0.78,
            0.35
        ],
        [
            0.88,
            0.4
        ],
        [
            1,
            0.5
        ]
    ]
}